Дом 210 м² на участке 15 сот.,,4 200 000  ₽,https://avito.ru/belgorod/doma_dachi_kottedzhi/dom_210_m_na_uchastke_15_sot._1346246896
Дом 140 м² на участке 16 сот.,,6 500 000  ₽,https://avito.ru/belgorod/doma_dachi_kottedzhi/dom_140_m_na_uchastke_16_sot._1247980213
Дом 120 м² на участке 12.5 сот.,,3 500 000  ₽,https://avito.ru/belgorod/doma_dachi_kottedzhi/dom_120_m_na_uchastke_12.5_sot._1045250946
Дом 130 м² на участке 15 сот.,,5 400 000  ₽,https://avito.ru/belgorod/doma_dachi_kottedzhi/dom_130_m_na_uchastke_15_sot._1662855034
Дом 203 м² на участке 15 сот.,,6 400 000  ₽,https://avito.ru/belgorod/doma_dachi_kottedzhi/dom_203_m_na_uchastke_15_sot._950144100
Дом 90 м² на участке 15 сот.,,3 250 000  ₽,https://avito.ru/belgorod/doma_dachi_kottedzhi/dom_90_m_na_uchastke_15_sot._1211339038
Дом 24 м² на участке 7 сот.,,1 500 000  ₽,https://avito.ru/belgorod/doma_dachi_kottedzhi/dom_24_m_na_uchastke_7_sot._1764975186
Дом 38 м² на участке 8 сот.,,2 400 000  ₽,https://avito.ru/belgorod/doma_dachi_kottedzhi/dom_38_m_na_uchastke_8_sot._1758447434
Дом 100 м² на участке 10 сот.,,3 485 000  ₽,https://avito.ru/belgorod/doma_dachi_kottedzhi/dom_100_m_na_uchastke_10_sot._1780193646
Дом 130 м² на участке 10 сот.,,6 100 000  ₽,https://avito.ru/belgorod/doma_dachi_kottedzhi/dom_130_m_na_uchastke_10_sot._1777805625
Дом 100 м² на участке 15 сот.,,4 000 000  ₽,https://avito.ru/belgorod/doma_dachi_kottedzhi/dom_100_m_na_uchastke_15_sot._1670204388
Дом 156 м² на участке 15 сот.,,1 590 000  ₽,https://avito.ru/belgorod/doma_dachi_kottedzhi/dom_156_m_na_uchastke_15_sot._1769663000
Дом 58 м² на участке 20 сот.,,490 000  ₽,https://avito.ru/belgorod/doma_dachi_kottedzhi/dom_58_m_na_uchastke_20_sot._1076372577
Дом 35 м² на участке 5 сот.,,2 350 000  ₽,https://avito.ru/belgorod/doma_dachi_kottedzhi/dom_35_m_na_uchastke_5_sot._1777895340
Дом 140 м² на участке 15 сот.,,6 700 000  ₽,https://avito.ru/belgorod/doma_dachi_kottedzhi/dom_140_m_na_uchastke_15_sot._773899975
Дом 200 м² на участке 15 сот.,,5 500 000  ₽,https://avito.ru/belgorod/doma_dachi_kottedzhi/dom_200_m_na_uchastke_15_sot._966682394
Дом 80 м² на участке 15 сот.,,2 800 000  ₽,https://avito.ru/belgorod/doma_dachi_kottedzhi/dom_80_m_na_uchastke_15_sot._1769431027
Дом 410 м² на участке 10 сот.,,4 000 000  ₽,https://avito.ru/belgorod/doma_dachi_kottedzhi/dom_410_m_na_uchastke_10_sot._1018036580
Дача 30 м² на участке 4.5 сот.,,315 000  ₽,https://avito.ru/belgorod/doma_dachi_kottedzhi/dacha_30_m_na_uchastke_4.5_sot._1202850116
Дом 340 м² на участке 15 сот.,,4 400 000  ₽,https://avito.ru/belgorod/doma_dachi_kottedzhi/dom_340_m_na_uchastke_15_sot._1226138024
Дом 125 м² на участке 16 сот.,,3 300 000  ₽,https://avito.ru/belgorod/doma_dachi_kottedzhi/dom_125_m_na_uchastke_16_sot._1768398276
Коттедж 204 м² на участке 15 сот.,,11 990 000  ₽,https://avito.ru/belgorod/doma_dachi_kottedzhi/kottedzh_204_m_na_uchastke_15_sot._1763175731
Дом 40 м² на участке 24 сот.,,700 000  ₽,https://avito.ru/belgorod/doma_dachi_kottedzhi/dom_40_m_na_uchastke_24_sot._1646451819
Коттедж 203 м² на участке 5 сот.,,8 000  ₽ за сутки,https://avito.ru/belgorod/doma_dachi_kottedzhi/kottedzh_203_m_na_uchastke_5_sot._1110942178
Дача 100 м² на участке 9 сот.,,799 900  ₽,https://avito.ru/belgorod/doma_dachi_kottedzhi/dacha_100_m_na_uchastke_9_sot._88583012
Коттедж 50 м² на участке 7 сот.,,3 000  ₽ за сутки,https://avito.ru/belgorod/doma_dachi_kottedzhi/kottedzh_50_m_na_uchastke_7_sot._1413374131
Дом 58 м² на участке 1 сот.,,1 550 000  ₽,https://avito.ru/belgorod/doma_dachi_kottedzhi/dom_58_m_na_uchastke_1_sot._1006738376
Дом 145 м² на участке 15 сот.,,4 350 000  ₽,https://avito.ru/belgorod/doma_dachi_kottedzhi/dom_145_m_na_uchastke_15_sot._1559453488
Коттедж 100 м² на участке 15 сот.,,4 200 000  ₽,https://avito.ru/belgorod/doma_dachi_kottedzhi/kottedzh_100_m_na_uchastke_15_sot._681273492
Дом 310 м² на участке 35 сот.,,4 350 000  ₽,https://avito.ru/belgorod/doma_dachi_kottedzhi/dom_310_m_na_uchastke_35_sot._1771194414
Дом 136 м² на участке 15 сот.,,3 950 000  ₽,https://avito.ru/belgorod/doma_dachi_kottedzhi/dom_136_m_na_uchastke_15_sot._1259861738
Дом 100 м² на участке 15 сот.,,2 800 000  ₽,https://avito.ru/belgorod/doma_dachi_kottedzhi/dom_100_m_na_uchastke_15_sot._1556037864
Коттедж 120 м² на участке 10 сот.,,6 995 000  ₽,https://avito.ru/belgorod/doma_dachi_kottedzhi/kottedzh_120_m_na_uchastke_10_sot._1241167210
Дом 235 м² на участке 15 сот.,,10 500 000  ₽,https://avito.ru/belgorod/doma_dachi_kottedzhi/dom_235_m_na_uchastke_15_sot._1584702782
Дом 180 м² на участке 15 сот.,,1 000 000  ₽,https://avito.ru/belgorod/doma_dachi_kottedzhi/dom_180_m_na_uchastke_15_sot._1141585353
Дом 100 м² на участке 15 сот.,,3 900 000  ₽,https://avito.ru/belgorod/doma_dachi_kottedzhi/dom_100_m_na_uchastke_15_sot._1768591532
Дом 40 м² на участке 6 сот.,,2 000 000  ₽,https://avito.ru/belgorod/doma_dachi_kottedzhi/dom_40_m_na_uchastke_6_sot._1524684394
Дача 20 м² на участке 6 сот.,,200 000  ₽,https://avito.ru/belgorod/doma_dachi_kottedzhi/dacha_20_m_na_uchastke_6_sot._1771339461
Дача 32 м² на участке 4 сот.,,190 000  ₽,https://avito.ru/belgorod/doma_dachi_kottedzhi/dacha_32_m_na_uchastke_4_sot._1357467785
Дом 20 м² на участке 5 сот.,,1 700 000  ₽,https://avito.ru/belgorod/doma_dachi_kottedzhi/dom_20_m_na_uchastke_5_sot._342095628
Дом 75 м² на участке 15 сот.,,2 000 000  ₽,https://avito.ru/belgorod/doma_dachi_kottedzhi/dom_75_m_na_uchastke_15_sot._1132565221
Дом 85 м² на участке 17 сот.,,3 600 000  ₽,https://avito.ru/belgorod/doma_dachi_kottedzhi/dom_85_m_na_uchastke_17_sot._971395996
Дом 24 м² на участке 4 сот.,,750 000  ₽,https://avito.ru/belgorod/doma_dachi_kottedzhi/dom_24_m_na_uchastke_4_sot._1122834683
Дом 47 м² на участке 15 сот.,,2 200 000  ₽,https://avito.ru/belgorod/doma_dachi_kottedzhi/dom_47_m_na_uchastke_15_sot._1544662279
Дом 126 м² на участке 20 сот.,,4 200 000  ₽,https://avito.ru/belgorod/doma_dachi_kottedzhi/dom_126_m_na_uchastke_20_sot._814271790
Коттедж 204 м² на участке 15 сот.,,3 500 000  ₽,https://avito.ru/belgorod/doma_dachi_kottedzhi/kottedzh_204_m_na_uchastke_15_sot._941621132
Дом 63 м² на участке 15 сот.,,2 400 000  ₽,https://avito.ru/belgorod/doma_dachi_kottedzhi/dom_63_m_na_uchastke_15_sot._1586235526
Дом 60 м² на участке 1.5 сот.,,2 800 000  ₽,https://avito.ru/belgorod/doma_dachi_kottedzhi/dom_60_m_na_uchastke_1.5_sot._1774389559
Дом 210 м² на участке 15 сот.,,6 990 000  ₽,https://avito.ru/belgorod/doma_dachi_kottedzhi/dom_210_m_na_uchastke_15_sot._705547606
Дом 47 м² на участке 20 сот.,,1 650 000  ₽,https://avito.ru/belgorod/doma_dachi_kottedzhi/dom_47_m_na_uchastke_20_sot._1770163727
Дом 141.3 м² на участке 18.2 сот.,,6 700 000  ₽,https://avito.ru/belgorod/doma_dachi_kottedzhi/dom_141.3_m_na_uchastke_18.2_sot._1368542659
Коттедж 200 м² на участке 15 сот.,,6 500 000  ₽,https://avito.ru/belgorod/doma_dachi_kottedzhi/kottedzh_200_m_na_uchastke_15_sot._997209580
Дом 142 м² на участке 15 сот.,,2 000 000  ₽,https://avito.ru/belgorod/doma_dachi_kottedzhi/dom_142_m_na_uchastke_15_sot._961082523
Дом 135 м² на участке 15 сот.,,3 300 000  ₽,https://avito.ru/belgorod/doma_dachi_kottedzhi/dom_135_m_na_uchastke_15_sot._1212655519
Дом 210 м² на участке 15 сот.,,4 200 000  ₽,https://avito.ru/belgorod/doma_dachi_kottedzhi/dom_210_m_na_uchastke_15_sot._1346246896
Дом 140 м² на участке 16 сот.,,6 500 000  ₽,https://avito.ru/belgorod/doma_dachi_kottedzhi/dom_140_m_na_uchastke_16_sot._1247980213
Дом 120 м² на участке 12.5 сот.,,3 500 000  ₽,https://avito.ru/belgorod/doma_dachi_kottedzhi/dom_120_m_na_uchastke_12.5_sot._1045250946
Дом 130 м² на участке 15 сот.,,5 400 000  ₽,https://avito.ru/belgorod/doma_dachi_kottedzhi/dom_130_m_na_uchastke_15_sot._1662855034
Дом 203 м² на участке 15 сот.,,6 400 000  ₽,https://avito.ru/belgorod/doma_dachi_kottedzhi/dom_203_m_na_uchastke_15_sot._950144100
Дом 90 м² на участке 15 сот.,,3 250 000  ₽,https://avito.ru/belgorod/doma_dachi_kottedzhi/dom_90_m_na_uchastke_15_sot._1211339038
Дом 24 м² на участке 7 сот.,,1 500 000  ₽,https://avito.ru/belgorod/doma_dachi_kottedzhi/dom_24_m_na_uchastke_7_sot._1764975186
Дом 38 м² на участке 8 сот.,,2 400 000  ₽,https://avito.ru/belgorod/doma_dachi_kottedzhi/dom_38_m_na_uchastke_8_sot._1758447434
Дом 100 м² на участке 10 сот.,,3 485 000  ₽,https://avito.ru/belgorod/doma_dachi_kottedzhi/dom_100_m_na_uchastke_10_sot._1780193646
Дом 130 м² на участке 10 сот.,,6 100 000  ₽,https://avito.ru/belgorod/doma_dachi_kottedzhi/dom_130_m_na_uchastke_10_sot._1777805625
Дом 100 м² на участке 15 сот.,,4 000 000  ₽,https://avito.ru/belgorod/doma_dachi_kottedzhi/dom_100_m_na_uchastke_15_sot._1670204388
Дом 156 м² на участке 15 сот.,,1 590 000  ₽,https://avito.ru/belgorod/doma_dachi_kottedzhi/dom_156_m_na_uchastke_15_sot._1769663000
Дом 58 м² на участке 20 сот.,,490 000  ₽,https://avito.ru/belgorod/doma_dachi_kottedzhi/dom_58_m_na_uchastke_20_sot._1076372577
Дом 35 м² на участке 5 сот.,,2 350 000  ₽,https://avito.ru/belgorod/doma_dachi_kottedzhi/dom_35_m_na_uchastke_5_sot._1777895340
Дом 140 м² на участке 15 сот.,,6 700 000  ₽,https://avito.ru/belgorod/doma_dachi_kottedzhi/dom_140_m_na_uchastke_15_sot._773899975
Дом 200 м² на участке 15 сот.,,5 500 000  ₽,https://avito.ru/belgorod/doma_dachi_kottedzhi/dom_200_m_na_uchastke_15_sot._966682394
Дом 80 м² на участке 15 сот.,,2 800 000  ₽,https://avito.ru/belgorod/doma_dachi_kottedzhi/dom_80_m_na_uchastke_15_sot._1769431027
Дом 410 м² на участке 10 сот.,,4 000 000  ₽,https://avito.ru/belgorod/doma_dachi_kottedzhi/dom_410_m_na_uchastke_10_sot._1018036580
Дача 30 м² на участке 4.5 сот.,,315 000  ₽,https://avito.ru/belgorod/doma_dachi_kottedzhi/dacha_30_m_na_uchastke_4.5_sot._1202850116
Дом 340 м² на участке 15 сот.,,4 400 000  ₽,https://avito.ru/belgorod/doma_dachi_kottedzhi/dom_340_m_na_uchastke_15_sot._1226138024
Дом 125 м² на участке 16 сот.,,3 300 000  ₽,https://avito.ru/belgorod/doma_dachi_kottedzhi/dom_125_m_na_uchastke_16_sot._1768398276
Коттедж 204 м² на участке 15 сот.,,11 990 000  ₽,https://avito.ru/belgorod/doma_dachi_kottedzhi/kottedzh_204_m_na_uchastke_15_sot._1763175731
Дом 40 м² на участке 24 сот.,,700 000  ₽,https://avito.ru/belgorod/doma_dachi_kottedzhi/dom_40_m_na_uchastke_24_sot._1646451819
Коттедж 203 м² на участке 5 сот.,,8 000  ₽ за сутки,https://avito.ru/belgorod/doma_dachi_kottedzhi/kottedzh_203_m_na_uchastke_5_sot._1110942178
Дача 100 м² на участке 9 сот.,,799 900  ₽,https://avito.ru/belgorod/doma_dachi_kottedzhi/dacha_100_m_na_uchastke_9_sot._88583012
Коттедж 50 м² на участке 7 сот.,,3 000  ₽ за сутки,https://avito.ru/belgorod/doma_dachi_kottedzhi/kottedzh_50_m_na_uchastke_7_sot._1413374131
Дом 58 м² на участке 1 сот.,,1 550 000  ₽,https://avito.ru/belgorod/doma_dachi_kottedzhi/dom_58_m_na_uchastke_1_sot._1006738376
Дом 145 м² на участке 15 сот.,,4 350 000  ₽,https://avito.ru/belgorod/doma_dachi_kottedzhi/dom_145_m_na_uchastke_15_sot._1559453488
Коттедж 100 м² на участке 15 сот.,,4 200 000  ₽,https://avito.ru/belgorod/doma_dachi_kottedzhi/kottedzh_100_m_na_uchastke_15_sot._681273492
Дом 310 м² на участке 35 сот.,,4 350 000  ₽,https://avito.ru/belgorod/doma_dachi_kottedzhi/dom_310_m_na_uchastke_35_sot._1771194414
Дом 136 м² на участке 15 сот.,,3 950 000  ₽,https://avito.ru/belgorod/doma_dachi_kottedzhi/dom_136_m_na_uchastke_15_sot._1259861738
Дом 100 м² на участке 15 сот.,,2 800 000  ₽,https://avito.ru/belgorod/doma_dachi_kottedzhi/dom_100_m_na_uchastke_15_sot._1556037864
Коттедж 120 м² на участке 10 сот.,,6 995 000  ₽,https://avito.ru/belgorod/doma_dachi_kottedzhi/kottedzh_120_m_na_uchastke_10_sot._1241167210
Дом 235 м² на участке 15 сот.,,10 500 000  ₽,https://avito.ru/belgorod/doma_dachi_kottedzhi/dom_235_m_na_uchastke_15_sot._1584702782
Дом 180 м² на участке 15 сот.,,1 000 000  ₽,https://avito.ru/belgorod/doma_dachi_kottedzhi/dom_180_m_na_uchastke_15_sot._1141585353
Дом 100 м² на участке 15 сот.,,3 900 000  ₽,https://avito.ru/belgorod/doma_dachi_kottedzhi/dom_100_m_na_uchastke_15_sot._1768591532
Дом 40 м² на участке 6 сот.,,2 000 000  ₽,https://avito.ru/belgorod/doma_dachi_kottedzhi/dom_40_m_na_uchastke_6_sot._1524684394
Дача 20 м² на участке 6 сот.,,200 000  ₽,https://avito.ru/belgorod/doma_dachi_kottedzhi/dacha_20_m_na_uchastke_6_sot._1771339461
Дача 32 м² на участке 4 сот.,,190 000  ₽,https://avito.ru/belgorod/doma_dachi_kottedzhi/dacha_32_m_na_uchastke_4_sot._1357467785
Дом 20 м² на участке 5 сот.,,1 700 000  ₽,https://avito.ru/belgorod/doma_dachi_kottedzhi/dom_20_m_na_uchastke_5_sot._342095628
Дом 75 м² на участке 15 сот.,,2 000 000  ₽,https://avito.ru/belgorod/doma_dachi_kottedzhi/dom_75_m_na_uchastke_15_sot._1132565221
Дом 85 м² на участке 17 сот.,,3 600 000  ₽,https://avito.ru/belgorod/doma_dachi_kottedzhi/dom_85_m_na_uchastke_17_sot._971395996
Дом 24 м² на участке 4 сот.,,750 000  ₽,https://avito.ru/belgorod/doma_dachi_kottedzhi/dom_24_m_na_uchastke_4_sot._1122834683
Дом 47 м² на участке 15 сот.,,2 200 000  ₽,https://avito.ru/belgorod/doma_dachi_kottedzhi/dom_47_m_na_uchastke_15_sot._1544662279
Дом 126 м² на участке 20 сот.,,4 200 000  ₽,https://avito.ru/belgorod/doma_dachi_kottedzhi/dom_126_m_na_uchastke_20_sot._814271790
Коттедж 204 м² на участке 15 сот.,,3 500 000  ₽,https://avito.ru/belgorod/doma_dachi_kottedzhi/kottedzh_204_m_na_uchastke_15_sot._941621132
Дом 63 м² на участке 15 сот.,,2 400 000  ₽,https://avito.ru/belgorod/doma_dachi_kottedzhi/dom_63_m_na_uchastke_15_sot._1586235526
Дом 60 м² на участке 1.5 сот.,,2 800 000  ₽,https://avito.ru/belgorod/doma_dachi_kottedzhi/dom_60_m_na_uchastke_1.5_sot._1774389559
Дом 210 м² на участке 15 сот.,,6 990 000  ₽,https://avito.ru/belgorod/doma_dachi_kottedzhi/dom_210_m_na_uchastke_15_sot._705547606
Дом 47 м² на участке 20 сот.,,1 650 000  ₽,https://avito.ru/belgorod/doma_dachi_kottedzhi/dom_47_m_na_uchastke_20_sot._1770163727
Дом 141.3 м² на участке 18.2 сот.,,6 700 000  ₽,https://avito.ru/belgorod/doma_dachi_kottedzhi/dom_141.3_m_na_uchastke_18.2_sot._1368542659
Коттедж 200 м² на участке 15 сот.,,6 500 000  ₽,https://avito.ru/belgorod/doma_dachi_kottedzhi/kottedzh_200_m_na_uchastke_15_sot._997209580
Дом 142 м² на участке 15 сот.,,2 000 000  ₽,https://avito.ru/belgorod/doma_dachi_kottedzhi/dom_142_m_na_uchastke_15_sot._961082523
Дом 135 м² на участке 15 сот.,,3 300 000  ₽,https://avito.ru/belgorod/doma_dachi_kottedzhi/dom_135_m_na_uchastke_15_sot._1212655519
Дом 210 м² на участке 15 сот.,,4 200 000  ₽,https://avito.ru/belgorod/doma_dachi_kottedzhi/dom_210_m_na_uchastke_15_sot._1346246896
Дом 140 м² на участке 16 сот.,,6 500 000  ₽,https://avito.ru/belgorod/doma_dachi_kottedzhi/dom_140_m_na_uchastke_16_sot._1247980213
Дом 120 м² на участке 12.5 сот.,,3 500 000  ₽,https://avito.ru/belgorod/doma_dachi_kottedzhi/dom_120_m_na_uchastke_12.5_sot._1045250946
Дом 130 м² на участке 15 сот.,,5 400 000  ₽,https://avito.ru/belgorod/doma_dachi_kottedzhi/dom_130_m_na_uchastke_15_sot._1662855034
Дом 203 м² на участке 15 сот.,,6 400 000  ₽,https://avito.ru/belgorod/doma_dachi_kottedzhi/dom_203_m_na_uchastke_15_sot._950144100
Дом 90 м² на участке 15 сот.,,3 250 000  ₽,https://avito.ru/belgorod/doma_dachi_kottedzhi/dom_90_m_na_uchastke_15_sot._1211339038
Дом 24 м² на участке 7 сот.,,1 500 000  ₽,https://avito.ru/belgorod/doma_dachi_kottedzhi/dom_24_m_na_uchastke_7_sot._1764975186
Дом 38 м² на участке 8 сот.,,2 400 000  ₽,https://avito.ru/belgorod/doma_dachi_kottedzhi/dom_38_m_na_uchastke_8_sot._1758447434
Дом 100 м² на участке 10 сот.,,3 485 000  ₽,https://avito.ru/belgorod/doma_dachi_kottedzhi/dom_100_m_na_uchastke_10_sot._1780193646
Дом 130 м² на участке 10 сот.,,6 100 000  ₽,https://avito.ru/belgorod/doma_dachi_kottedzhi/dom_130_m_na_uchastke_10_sot._1777805625
Дом 100 м² на участке 15 сот.,,4 000 000  ₽,https://avito.ru/belgorod/doma_dachi_kottedzhi/dom_100_m_na_uchastke_15_sot._1670204388
Дом 156 м² на участке 15 сот.,,1 590 000  ₽,https://avito.ru/belgorod/doma_dachi_kottedzhi/dom_156_m_na_uchastke_15_sot._1769663000
Дом 58 м² на участке 20 сот.,,490 000  ₽,https://avito.ru/belgorod/doma_dachi_kottedzhi/dom_58_m_na_uchastke_20_sot._1076372577
Дом 35 м² на участке 5 сот.,,2 350 000  ₽,https://avito.ru/belgorod/doma_dachi_kottedzhi/dom_35_m_na_uchastke_5_sot._1777895340
Дом 140 м² на участке 15 сот.,,6 700 000  ₽,https://avito.ru/belgorod/doma_dachi_kottedzhi/dom_140_m_na_uchastke_15_sot._773899975
Дом 200 м² на участке 15 сот.,,5 500 000  ₽,https://avito.ru/belgorod/doma_dachi_kottedzhi/dom_200_m_na_uchastke_15_sot._966682394
Дом 80 м² на участке 15 сот.,,2 800 000  ₽,https://avito.ru/belgorod/doma_dachi_kottedzhi/dom_80_m_na_uchastke_15_sot._1769431027
Дом 410 м² на участке 10 сот.,,4 000 000  ₽,https://avito.ru/belgorod/doma_dachi_kottedzhi/dom_410_m_na_uchastke_10_sot._1018036580
Дача 30 м² на участке 4.5 сот.,,315 000  ₽,https://avito.ru/belgorod/doma_dachi_kottedzhi/dacha_30_m_na_uchastke_4.5_sot._1202850116
Дом 340 м² на участке 15 сот.,,4 400 000  ₽,https://avito.ru/belgorod/doma_dachi_kottedzhi/dom_340_m_na_uchastke_15_sot._1226138024
Дом 125 м² на участке 16 сот.,,3 300 000  ₽,https://avito.ru/belgorod/doma_dachi_kottedzhi/dom_125_m_na_uchastke_16_sot._1768398276
Коттедж 204 м² на участке 15 сот.,,11 990 000  ₽,https://avito.ru/belgorod/doma_dachi_kottedzhi/kottedzh_204_m_na_uchastke_15_sot._1763175731
Дом 40 м² на участке 24 сот.,,700 000  ₽,https://avito.ru/belgorod/doma_dachi_kottedzhi/dom_40_m_na_uchastke_24_sot._1646451819
Коттедж 203 м² на участке 5 сот.,,8 000  ₽ за сутки,https://avito.ru/belgorod/doma_dachi_kottedzhi/kottedzh_203_m_na_uchastke_5_sot._1110942178
Дача 100 м² на участке 9 сот.,,799 900  ₽,https://avito.ru/belgorod/doma_dachi_kottedzhi/dacha_100_m_na_uchastke_9_sot._88583012
Коттедж 50 м² на участке 7 сот.,,3 000  ₽ за сутки,https://avito.ru/belgorod/doma_dachi_kottedzhi/kottedzh_50_m_na_uchastke_7_sot._1413374131
Дом 58 м² на участке 1 сот.,,1 550 000  ₽,https://avito.ru/belgorod/doma_dachi_kottedzhi/dom_58_m_na_uchastke_1_sot._1006738376
Дом 145 м² на участке 15 сот.,,4 350 000  ₽,https://avito.ru/belgorod/doma_dachi_kottedzhi/dom_145_m_na_uchastke_15_sot._1559453488
Коттедж 100 м² на участке 15 сот.,,4 200 000  ₽,https://avito.ru/belgorod/doma_dachi_kottedzhi/kottedzh_100_m_na_uchastke_15_sot._681273492
Дом 310 м² на участке 35 сот.,,4 350 000  ₽,https://avito.ru/belgorod/doma_dachi_kottedzhi/dom_310_m_na_uchastke_35_sot._1771194414
Дом 136 м² на участке 15 сот.,,3 950 000  ₽,https://avito.ru/belgorod/doma_dachi_kottedzhi/dom_136_m_na_uchastke_15_sot._1259861738
Дом 100 м² на участке 15 сот.,,2 800 000  ₽,https://avito.ru/belgorod/doma_dachi_kottedzhi/dom_100_m_na_uchastke_15_sot._1556037864
Коттедж 120 м² на участке 10 сот.,,6 995 000  ₽,https://avito.ru/belgorod/doma_dachi_kottedzhi/kottedzh_120_m_na_uchastke_10_sot._1241167210
Дом 235 м² на участке 15 сот.,,10 500 000  ₽,https://avito.ru/belgorod/doma_dachi_kottedzhi/dom_235_m_na_uchastke_15_sot._1584702782
Дом 180 м² на участке 15 сот.,,1 000 000  ₽,https://avito.ru/belgorod/doma_dachi_kottedzhi/dom_180_m_na_uchastke_15_sot._1141585353
Дом 100 м² на участке 15 сот.,,3 900 000  ₽,https://avito.ru/belgorod/doma_dachi_kottedzhi/dom_100_m_na_uchastke_15_sot._1768591532
Дом 40 м² на участке 6 сот.,,2 000 000  ₽,https://avito.ru/belgorod/doma_dachi_kottedzhi/dom_40_m_na_uchastke_6_sot._1524684394
Дача 20 м² на участке 6 сот.,,200 000  ₽,https://avito.ru/belgorod/doma_dachi_kottedzhi/dacha_20_m_na_uchastke_6_sot._1771339461
Дача 32 м² на участке 4 сот.,,190 000  ₽,https://avito.ru/belgorod/doma_dachi_kottedzhi/dacha_32_m_na_uchastke_4_sot._1357467785
Дом 20 м² на участке 5 сот.,,1 700 000  ₽,https://avito.ru/belgorod/doma_dachi_kottedzhi/dom_20_m_na_uchastke_5_sot._342095628
Дом 75 м² на участке 15 сот.,,2 000 000  ₽,https://avito.ru/belgorod/doma_dachi_kottedzhi/dom_75_m_na_uchastke_15_sot._1132565221
Дом 85 м² на участке 17 сот.,,3 600 000  ₽,https://avito.ru/belgorod/doma_dachi_kottedzhi/dom_85_m_na_uchastke_17_sot._971395996
Дом 24 м² на участке 4 сот.,,750 000  ₽,https://avito.ru/belgorod/doma_dachi_kottedzhi/dom_24_m_na_uchastke_4_sot._1122834683
Дом 47 м² на участке 15 сот.,,2 200 000  ₽,https://avito.ru/belgorod/doma_dachi_kottedzhi/dom_47_m_na_uchastke_15_sot._1544662279
Дом 126 м² на участке 20 сот.,,4 200 000  ₽,https://avito.ru/belgorod/doma_dachi_kottedzhi/dom_126_m_na_uchastke_20_sot._814271790
Коттедж 204 м² на участке 15 сот.,,3 500 000  ₽,https://avito.ru/belgorod/doma_dachi_kottedzhi/kottedzh_204_m_na_uchastke_15_sot._941621132
Дом 63 м² на участке 15 сот.,,2 400 000  ₽,https://avito.ru/belgorod/doma_dachi_kottedzhi/dom_63_m_na_uchastke_15_sot._1586235526
Дом 60 м² на участке 1.5 сот.,,2 800 000  ₽,https://avito.ru/belgorod/doma_dachi_kottedzhi/dom_60_m_na_uchastke_1.5_sot._1774389559
Дом 210 м² на участке 15 сот.,,6 990 000  ₽,https://avito.ru/belgorod/doma_dachi_kottedzhi/dom_210_m_na_uchastke_15_sot._705547606
Дом 47 м² на участке 20 сот.,,1 650 000  ₽,https://avito.ru/belgorod/doma_dachi_kottedzhi/dom_47_m_na_uchastke_20_sot._1770163727
Дом 141.3 м² на участке 18.2 сот.,,6 700 000  ₽,https://avito.ru/belgorod/doma_dachi_kottedzhi/dom_141.3_m_na_uchastke_18.2_sot._1368542659
Коттедж 200 м² на участке 15 сот.,,6 500 000  ₽,https://avito.ru/belgorod/doma_dachi_kottedzhi/kottedzh_200_m_na_uchastke_15_sot._997209580
Дом 142 м² на участке 15 сот.,,2 000 000  ₽,https://avito.ru/belgorod/doma_dachi_kottedzhi/dom_142_m_na_uchastke_15_sot._961082523
Дом 135 м² на участке 15 сот.,,3 300 000  ₽,https://avito.ru/belgorod/doma_dachi_kottedzhi/dom_135_m_na_uchastke_15_sot._1212655519
